Designator,Mid X,Mid Y,Layer,Rotation
C1,44.225000,-49.705000,Top,0.000000
C2,49.475000,-49.875000,Top,0.000000
C4,55.325000,-49.875000,Top,0.000000
C5,48.875000,-54.255000,Top,0.000000
C8,49.335000,-15.005000,Top,0.000000
C9,49.575000,-34.325000,Top,0.000000
C10,44.825000,-45.325000,Top,0.000000
C11,50.075000,-45.155000,Top,0.000000
C12,80.225000,-60.005000,Top,0.000000
C13,14.935000,-75.750000,Top,0.000000
C14,20.185000,-75.580000,Top,0.000000
C15,20.375000,-55.005000,Top,0.000000
C16,25.025000,-55.005000,Top,0.000000
C17,32.775000,-61.980000,Top,0.000000
C18,76.375000,-13.005000,Top,0.000000
C19,81.025000,-13.005000,Top,0.000000
C20,88.125000,-35.987500,Top,0.000000
C21,67.725000,-40.995000,Top,0.000000
C22,76.375000,-23.672500,Top,0.000000
C23,81.025000,-23.672500,Top,0.000000
C24,72.375000,-40.995000,Top,0.000000
C25,8.275000,-31.155000,Top,0.000000
C26,12.625000,-25.405000,Top,0.000000
C27,21.525000,-25.405000,Top,0.000000
C28,34.975000,-31.155000,Top,0.000000
C29,17.085000,-45.005000,Top,0.000000
C30,3.725000,-25.505000,Top,0.000000
C31,30.425000,-25.505000,Top,0.000000
C32,49.335000,-67.005000,Top,0.000000
D1,53.175000,-39.775000,Top,0.000000
D2,69.525000,-80.525000,Top,0.000000
D3,53.175000,-28.775000,Top,0.000000
D4,53.505000,-54.225000,Top,0.000000
D5,13.525000,-62.750000,Top,0.000000
D6,21.775000,-62.750000,Top,0.000000
D7,73.065000,-44.725000,Top,0.000000
D8,77.175000,-31.350000,Top,0.000000
D9,85.425000,-31.350000,Top,0.000000
D10,5.525000,-14.775000,Top,0.000000
D11,8.605000,-26.225000,Top,0.000000
D12,14.425000,-14.775000,Top,0.000000
D13,12.855000,-20.475000,Top,0.000000
D14,23.325000,-14.775000,Top,0.000000
D15,21.755000,-20.475000,Top,0.000000
D16,32.225000,-14.775000,Top,0.000000
D17,35.305000,-26.225000,Top,0.000000
D18,5.525000,-45.775000,Top,0.000000
D19,12.205000,-45.725000,Top,0.000000
D20,44.455000,-67.725000,Top,0.000000
FB1,44.275000,-34.025000,Top,0.000000
J8,17.000000,-91.500000,Top,180.000000
L1,31.175000,-55.975000,Top,0.000000
L2,69.225000,-31.550000,Top,0.000000
PF1,45.475000,-39.975000,Top,0.000000
PF2,45.475000,-28.975000,Top,0.000000
PF3,68.975000,-60.975000,Top,0.000000
Q1,20.655000,-70.725000,Top,0.000000
Q2,25.765000,-70.725000,Top,0.000000
Q3,67.955000,-44.725000,Top,0.000000
R1,81.765000,-79.725000,Top,0.000000
R2,86.375000,-79.725000,Top,0.000000
R3,76.555000,-79.905000,Top,0.000000
R4,53.965000,-14.975000,Top,0.000000
R5,58.575000,-14.975000,Top,0.000000
R6,44.205000,-20.625000,Top,0.000000
R7,48.815000,-20.625000,Top,0.000000
R8,58.115000,-54.225000,Top,0.000000
R9,44.205000,-58.435000,Top,0.000000
R10,48.815000,-58.435000,Top,0.000000
R11,84.855000,-59.975000,Top,0.000000
R12,67.705000,-66.025000,Top,0.000000
R13,30.625000,-69.975000,Top,0.000000
R14,35.235000,-69.975000,Top,0.000000
R15,9.705000,-75.550000,Top,0.000000
R16,24.815000,-75.550000,Top,0.000000
R17,29.425000,-75.550000,Top,0.000000
R18,34.035000,-75.550000,Top,0.000000
R19,9.705000,-80.025000,Top,0.000000
R20,14.315000,-80.025000,Top,0.000000
R21,18.925000,-80.025000,Top,0.000000
R22,23.535000,-80.025000,Top,0.000000
R23,28.145000,-80.025000,Top,0.000000
R24,32.755000,-80.025000,Top,0.000000
R25,11.705000,-67.025000,Top,0.000000
R26,16.315000,-67.025000,Top,0.000000
R27,20.925000,-67.025000,Top,0.000000
R28,73.515000,-49.625000,Top,0.000000
R29,78.125000,-49.625000,Top,0.000000
R30,83.075000,-44.155000,Top,0.000000
R31,82.735000,-49.625000,Top,0.000000
R32,87.345000,-49.625000,Top,0.000000
R33,68.305000,-49.805000,Top,0.000000
R34,77.005000,-40.965000,Top,0.000000
R35,81.615000,-40.965000,Top,0.000000
R36,86.225000,-40.965000,Top,0.000000
R37,3.705000,-35.875000,Top,0.000000
R38,8.315000,-35.875000,Top,0.000000
R39,3.705000,-40.025000,Top,0.000000
R40,8.315000,-40.025000,Top,0.000000
R41,17.255000,-25.375000,Top,0.000000
R42,12.605000,-29.585000,Top,0.000000
R43,17.215000,-29.585000,Top,0.000000
R44,12.605000,-33.735000,Top,0.000000
R45,26.155000,-25.375000,Top,0.000000
R46,21.505000,-29.585000,Top,0.000000
R47,26.115000,-29.585000,Top,0.000000
R48,21.505000,-33.735000,Top,0.000000
R49,30.405000,-35.875000,Top,0.000000
R50,35.015000,-35.875000,Top,0.000000
R51,30.405000,-40.025000,Top,0.000000
R52,35.015000,-40.025000,Top,0.000000
R53,21.715000,-44.975000,Top,0.000000
R54,3.705000,-50.725000,Top,0.000000
R55,8.315000,-50.725000,Top,0.000000
R56,27.705000,-44.975000,Top,0.000000
R57,32.315000,-44.975000,Top,0.000000
R58,53.965000,-66.975000,Top,0.000000
R59,58.575000,-66.975000,Top,0.000000
U1,44.455000,-15.725000,Top,0.000000
U2,75.225000,-60.725000,Top,0.000000
U3,10.075000,-70.725000,Top,0.000000
U4,15.425000,-70.725000,Top,0.000000
U5,13.725000,-56.725000,Top,0.000000
U6,69.725000,-16.605000,Top,0.000000
U7,69.725000,-25.392500,Top,0.000000
U8,5.205000,-20.525000,Top,0.000000
U9,31.905000,-20.525000,Top,0.000000
Y1,68.125000,-36.757500,Top,0.000000
